<resource name="default" isCollection="false" path="//_system/config/repository/esb/esb-configurations/default" registryUrl="https://localhost:9443/registry"><mediaType></mediaType><version>140</version><creator>wso2.system.user</creator><createdTime>1471978214873</createdTime><lastUpdater>wso2.system.user</lastUpdater><lastModified>1471978214873</lastModified><uuid>2ca3d71c-9e93-487e-838a-58def449d61e</uuid><description></description><properties><property key="DESCRIPTION">Default Configuration</property><property key="ACTIVE">true</property><property key="CREATED">true</property></properties></resource>