<resource name="QueueName" isCollection="false" path="//_system/config/repository/esb/esb-configurations/QueueName" registryUrl="https://localhost:9443/registry" md5="6b65faf152b7909f6de731194f5c4eaa"><mediaType>text/plain</mediaType><version>1556</version><creator>admin</creator><createdTime>1472150609979</createdTime><lastUpdater>admin</lastUpdater><lastModified>1472151464078</lastModified><uuid>002ef6f1-aef5-4cd8-93de-5631116b461e</uuid><description>Queue Name</description><properties><property key="resource.source">AdminConsole</property></properties></resource>